,County,Life Expectancy
0,"Anoka County, MN",80.14025974025972
1,"Carver County, MN",82.37058823529412
2,"Dakota County, MN",80.68333333333334
3,"Hennepin County, MN",80.32043795620436
4,"Ramsey County, MN",79.53384615384614
5,"Scott County, MN",80.80952380952381
6,"Washington County, MN",81.84791666666668
